chr	pos	ref	alt	gene	classification	t_ref_count	t_alt_count	total_depth	vaf	local_cn	major_cn	minor_cn	mcn	multiplicity	ccf	ccf_capped	is_clonal	purity	ploidy
1	20656786	C	G	VWA5B1	Missense_Mutation	182	20	202	0.09900990099009901	3	2	1	0.495	1	0.495	0.495	False	0.5	1.93
1	42880264	C	T	RIMKLA	Silent	344	35	379	0.09234828496042216	3	2	1	0.4617	1	0.4617	0.4617	False	0.5	1.93
1	79002407	C	A	PTGFR	3'UTR	17	5	22	0.22727272727272727	3	2	1	1.1364	1	1.1364	1.0	True	0.5	1.93
1	94972163	G	A	ABCD3	Missense_Mutation	348	27	375	0.072	3	2	1	0.36	1	0.36	0.36	False	0.5	1.93
1	152185679	C	A	HRNR	Missense_Mutation	171	19	190	0.1	3	2	1	0.5	1	0.5	0.5	False	0.5	1.93
2	33500981	C	G	LTBP1	Missense_Mutation	193	59	252	0.23412698412698413	2	1	1	0.9365	1	0.9365	0.9365	True	0.5	1.93
2	179463325	G	T	TTN	Missense_Mutation	142	72	214	0.3364485981308411	2	1	1	1.3458	1	1.3458	1.0	True	0.5	1.93
2	242004913	C	T	SNED1	Missense_Mutation	38	4	42	0.09523809523809523	2	1	1	0.381	1	0.381	0.381	False	0.5	1.93
3	46244889	C	T	CCR1	Missense_Mutation	94	42	136	0.3088235294117647	1	1	0	0.9265	1	0.9265	0.9265	True	0.5	1.93
3	50273876	C	A	GNAI2	Missense_Mutation	66	43	109	0.3944954128440367	1	1	0	1.1835	1	1.1835	1.0	True	0.5	1.93
3	178952085	A	G	PIK3CA	Missense_Mutation	122	200	322	0.6211180124223602	7	6	1	5.5901	6	0.9317	0.9317	True	0.5	1.93
4	125593120	T	C	ANKRD50	Missense_Mutation	135	16	151	0.10596026490066225	2	1	1	0.4238	1	0.4238	0.4238	False	0.5	1.93
5	98235337	T	C	CHD1	Missense_Mutation	124	21	145	0.14482758620689656	2	1	1	0.5793	1	0.5793	0.5793	False	0.5	1.93
5	175511989	C	A	FAM153B	Intron	336	42	378	0.1111111111111111	2	1	1	0.4444	1	0.4444	0.4444	False	0.5	1.93
6	73787062	G	A	KCNQ5	Missense_Mutation	114	21	135	0.15555555555555556	1	1	1	0.4667	1	0.4667	0.4667	False	0.5	1.93
6	75834939	A	C	COL12A1	Missense_Mutation	186	39	225	0.17333333333333334	1	1	1	0.52	1	0.52	0.52	False	0.5	1.93
7	84629100	A	C	SEMA3D	Missense_Mutation	188	16	204	0.0784313725490196	2	1	1	0.3137	1	0.3137	0.3137	False	0.5	1.93
7	107688451	C	T	LAMB4	Missense_Mutation	132	26	158	0.16455696202531644	2	1	0	0.6582	1	0.6582	0.6582	False	0.5	1.93
8	95751694	G	C	DPY19L4	Missense_Mutation	243	23	266	0.08646616541353383	4	2	1	0.5188	1	0.5188	0.5188	False	0.5	1.93
8	121823729	C	G	SNTB1	Missense_Mutation	142	37	179	0.20670391061452514	4	2	1	1.2402	1	1.2402	1.0	True	0.5	1.93
8	131826458	G	A	ADCY8	Missense_Mutation	242	237	479	0.49478079331941544	4	2	1	2.9687	2	1.4843	1.0	True	0.5	1.93
9	4697194	C	T	CDC37L1	Missense_Mutation	176	50	226	0.22123893805309736	1	1	0	0.6637	1	0.6637	0.6637	False	0.5	1.93
9	139266463	G	A	CARD9	Missense_Mutation	82	15	97	0.15463917525773196	1	1	0	0.4639	1	0.4639	0.4639	False	0.5	1.93
10	85902493	T	C	GHITM	Missense_Mutation	104	20	124	0.16129032258064516	1	1	1	0.4839	1	0.4839	0.4839	False	0.5	1.93
11	1155537	G	A	MUC5AC	Silent	15	8	23	0.34782608695652173	1	1	0	1.0435	1	1.0435	1.0	True	0.5	1.93
11	45869245	C	G	CRY2	Missense_Mutation	6	4	10	0.4	1	1	0	1.2	1	1.2	1.0	True	0.5	1.93
11	55322145	C	T	OR4C15	Silent	76	16	92	0.17391304347826086	1	1	0	0.5217	1	0.5217	0.5217	False	0.5	1.93
12	48723296	G	A	H1FNT	Silent	62	5	67	0.07462686567164178	1	1	1	0.2239	1	0.2239	0.2239	False	0.5	1.93
12	121775176	T	A	ANAPC5	Missense_Mutation	63	20	83	0.24096385542168675	1	1	1	0.7229	1	0.7229	0.7229	False	0.5	1.93
12	133253205	G	T	POLE	Missense_Mutation	133	31	164	0.18902439024390244	2	1	1	0.7561	1	0.7561	0.7561	False	0.5	1.93
13	58208939	T	A	PCDH17	Silent	105	31	136	0.22794117647058823	1	1	0	0.6838	1	0.6838	0.6838	False	0.5	1.93
13	86369908	C	A	SLITRK6	Missense_Mutation	40	11	51	0.21568627450980393	1	1	0	0.6471	1	0.6471	0.6471	False	0.5	1.93
13	99630210	C	T	DOCK9	5'UTR	50	16	66	0.24242424242424243	1	1	0	0.7273	1	0.7273	0.7273	False	0.5	1.93
14	61435203	A	G	MNAT1	3'UTR	10	6	16	0.375	2	1	1	1.5	1	1.5	1.0	True	0.5	1.93
14	78043232	A	C	SPTLC2	Missense_Mutation	155	19	174	0.10919540229885058	2	1	1	0.4368	1	0.4368	0.4368	False	0.5	1.93
16	15100357	T	C	PDXDC1	Missense_Mutation	218	51	269	0.1895910780669145	2	1	1	0.7584	1	0.7584	0.7584	False	0.5	1.93
16	53189880	G	A	CHD9	5'UTR	31	17	48	0.3541666666666667	2	1	1	1.4167	1	1.4167	1.0	True	0.5	1.93
16	74372477	C	G	RP11-252A24.2	RNA	222	27	249	0.10843373493975904	2	1	1	0.4337	1	0.4337	0.4337	False	0.5	1.93
16	77759477	A	G	NUDT7	Missense_Mutation	127	23	150	0.15333333333333332	2	1	1	0.6133	1	0.6133	0.6133	False	0.5	1.93
17	7577081	T	G	TP53	Missense_Mutation	124	79	203	0.3891625615763547	1	1	0	1.1675	1	1.1675	1.0	True	0.5	1.93
18	3253253	G	A	MYL12A	Missense_Mutation	298	37	335	0.11044776119402985	2	1	1	0.4418	1	0.4418	0.4418	False	0.5	1.93
18	3253272	G	A	MYL12A	Silent	327	43	370	0.11621621621621622	2	1	1	0.4649	1	0.4649	0.4649	False	0.5	1.93
18	3253901	G	A	MYL12A	Missense_Mutation	114	19	133	0.14285714285714285	2	1	1	0.5714	1	0.5714	0.5714	False	0.5	1.93
18	3254033	G	C	MYL12A	Missense_Mutation	146	27	173	0.15606936416184972	2	1	1	0.6243	1	0.6243	0.6243	False	0.5	1.93
18	3255911	G	A	MYL12A	Missense_Mutation	162	26	188	0.13829787234042554	2	1	1	0.5532	1	0.5532	0.5532	False	0.5	1.93
18	8818979	C	A	SOGA2	Missense_Mutation	17	3	20	0.15	2	1	1	0.6	1	0.6	0.6	False	0.5	1.93
19	2410372	G	A	TMPRSS9	Missense_Mutation	91	18	109	0.1651376146788991	1	1	1	0.4954	1	0.4954	0.4954	False	0.5	1.93
19	14517708	G	A	CD97	Missense_Mutation	250	29	279	0.1039426523297491	1	1	1	0.3118	1	0.3118	0.3118	False	0.5	1.93
19	15227121	G	A	ILVBL	Missense_Mutation	103	15	118	0.1271186440677966	1	1	1	0.3814	1	0.3814	0.3814	False	0.5	1.93
19	53384563	A	G	ZNF320	Silent	169	35	204	0.1715686274509804	1	1	1	0.5147	1	0.5147	0.5147	False	0.5	1.93
19	55301588	C	G	CTB-61M7.1	RNA	379	168	547	0.3071297989031079	1	1	1	0.9214	1	0.9214	0.9214	True	0.5	1.93
20	23584110	G	A	CST9	3'UTR	169	52	221	0.23529411764705882	2	1	1	0.9412	1	0.9412	0.9412	True	0.5	1.93
20	47855789	G	A	DDX27	Missense_Mutation	98	25	123	0.2032520325203252	2	1	1	0.813	1	0.813	0.813	False	0.5	1.93
20	55026995	G	A	CASS4	Missense_Mutation	96	10	106	0.09433962264150944	2	1	1	0.3774	1	0.3774	0.3774	False	0.5	1.93
20	60912928	C	T	LAMA5	Missense_Mutation	19	13	32	0.40625	2	1	1	1.625	1	1.625	1.0	True	0.5	1.93
22	19511619	A	G	CLDN5	Missense_Mutation	48	7	55	0.12727272727272726	1	0	0	0.3818	1	0.3818	0.3818	False	0.5	1.93
22	29611513	C	T	EMID1	Intron	111	25	136	0.18382352941176472	2	1	0	0.7353	1	0.7353	0.7353	False	0.5	1.93
22	41605850	C	T	L3MBTL2	Missense_Mutation	178	27	205	0.13170731707317074	2	1	0	0.5268	1	0.5268	0.5268	False	0.5	1.93
X	11162155	G	A	ARHGAP6	Silent	73	29	102	0.28431372549019607	2	1	1	1.1373	1	1.1373	1.0	True	0.5	1.93
X	23353126	G	A	PTCHD1	Missense_Mutation	82	31	113	0.2743362831858407	2	1	1	1.0973	1	1.0973	1.0	True	0.5	1.93
X	62917109	C	T	ARHGEF9	Missense_Mutation	187	66	253	0.2608695652173913	2	1	1	1.0435	1	1.0435	1.0	True	0.5	1.93
X	74296386	G	A	ABCB7	Missense_Mutation	249	32	281	0.11387900355871886	2	1	1	0.4555	1	0.4555	0.4555	False	0.5	1.93
X	100871494	C	T	ARMCX6	Silent	439	51	490	0.10408163265306122	2	1	1	0.4163	1	0.4163	0.4163	False	0.5	1.93
X	103349780	C	T	SLC25A53	Missense_Mutation	97	16	113	0.1415929203539823	2	1	1	0.5664	1	0.5664	0.5664	False	0.5	1.93
X	119005892	C	T	NDUFA1	Silent	195	28	223	0.12556053811659193	2	1	1	0.5022	1	0.5022	0.5022	False	0.5	1.93
