sample	chr	pos	ccf_old_v100_raw	ccf_old_v100_valid	ccf_over_one_flag
TCGA-43-6771-01	1	6188991	0.786163522012579	0.786163522012579	FALSE
TCGA-43-6771-01	1	11193214	0.961538461538462	0.961538461538462	FALSE
TCGA-43-6771-01	1	11193215	0.961538461538462	0.961538461538462	FALSE
TCGA-43-6771-01	1	17418973	0.720196941127174	0.720196941127174	FALSE
TCGA-43-6771-01	1	17418974	0.730062652649464	0.730062652649464	FALSE
TCGA-43-6771-01	1	19181214	0.718390804597701	0.718390804597701	FALSE
TCGA-43-6771-01	1	22927417	1.12179487179487	NA	TRUE
TCGA-43-6771-01	1	24113866	0.823045267489712	0.823045267489712	FALSE
TCGA-43-6771-01	1	24202075	0.745378652355397	0.745378652355397	FALSE
TCGA-43-6771-01	1	28601391	0.819088319088319	0.819088319088319	FALSE
TCGA-43-6771-01	1	28601393	0.884955752212389	0.884955752212389	FALSE
TCGA-43-6771-01	1	36820883	1.171875	NA	TRUE
TCGA-43-6771-01	1	45796905	0.901741293532338	0.901741293532338	FALSE
TCGA-43-6771-01	1	52703701	0.977366255144033	0.977366255144033	FALSE
TCGA-43-6771-01	1	53458967	0.798286604361371	0.798286604361371	FALSE
TCGA-43-6771-01	1	82447526	0.800800800800801	0.800800800800801	FALSE
TCGA-43-6771-01	1	84544037	0.347222222222222	0.347222222222222	FALSE
TCGA-43-6771-01	1	86814554	0.818452380952381	0.818452380952381	FALSE
TCGA-43-6771-01	1	94546254	1.04166666666667	NA	TRUE
TCGA-43-6771-01	1	152484143	0.899621212121212	0.899621212121212	FALSE
TCGA-43-6771-01	1	154543919	0.694444444444444	0.694444444444444	FALSE
TCGA-43-6771-01	1	154965044	1.55038759689922	NA	TRUE
TCGA-43-6771-01	1	156639957	0.783208020050125	0.783208020050125	FALSE
TCGA-43-6771-01	1	160054285	1.5	NA	TRUE
TCGA-43-6771-01	1	190195413	0.654761904761905	0.654761904761905	FALSE
TCGA-43-6771-01	1	203017755	2.20588235294118	NA	TRUE
TCGA-43-6771-01	1	220809369	0.531914893617021	0.531914893617021	FALSE
TCGA-43-6771-01	1	237801714	0.810185185185185	0.810185185185185	FALSE
TCGA-43-6771-01	1	248262831	NA	NA	FALSE
TCGA-43-6771-01	1	248344136	NA	NA	FALSE
TCGA-43-6771-01	1	248551173	NA	NA	FALSE
TCGA-43-6771-01	1	248570307	NA	NA	FALSE
TCGA-43-6771-01	1	248651974	NA	NA	FALSE
TCGA-43-6771-01	10	17157565	0.892857142857143	0.892857142857143	FALSE
TCGA-43-6771-01	10	44052638	0.806451612903226	0.806451612903226	FALSE
TCGA-43-6771-01	10	45941193	1.58730158730159	NA	TRUE
TCGA-43-6771-01	10	70748591	1.0233918128655	NA	TRUE
TCGA-43-6771-01	10	74690336	0.921052631578947	0.921052631578947	FALSE
TCGA-43-6771-01	10	100401681	0.803212851405623	0.803212851405623	FALSE
TCGA-43-6771-01	10	112044826	1.04166666666667	NA	TRUE
TCGA-43-6771-01	10	118389530	0.744047619047619	0.744047619047619	FALSE
TCGA-43-6771-01	10	124708325	0.62984496124031	0.62984496124031	FALSE
TCGA-43-6771-01	10	128973730	1.03174603174603	NA	TRUE
TCGA-43-6771-01	11	1021225	1.14942528735632	NA	TRUE
TCGA-43-6771-01	11	3249654	1.28205128205128	NA	TRUE
TCGA-43-6771-01	11	5221315	0.77319587628866	0.77319587628866	FALSE
TCGA-43-6771-01	11	5264474	0.833333333333333	0.833333333333333	FALSE
TCGA-43-6771-01	11	5878717	0.837418300653595	0.837418300653595	FALSE
TCGA-43-6771-01	11	6631392	1.28205128205128	NA	TRUE
TCGA-43-6771-01	11	6631393	1.28205128205128	NA	TRUE
TCGA-43-6771-01	11	7960135	0.595238095238095	0.595238095238095	FALSE
TCGA-43-6771-01	11	14316390	1.09447278911565	NA	TRUE
TCGA-43-6771-01	11	40137376	0.881410256410256	0.881410256410256	FALSE
TCGA-43-6771-01	11	51515501	0.865641025641026	0.865641025641026	FALSE
TCGA-43-6771-01	11	55419064	1.87013487475915	NA	TRUE
TCGA-43-6771-01	11	55904844	1.24839921371713	NA	TRUE
TCGA-43-6771-01	11	56230220	1.04541701073493	NA	TRUE
TCGA-43-6771-01	11	56409790	0.806152528695881	0.806152528695881	FALSE
TCGA-43-6771-01	11	56510447	0.839331220088259	0.839331220088259	FALSE
TCGA-43-6771-01	11	58978773	1.26059970277122	NA	TRUE
TCGA-43-6771-01	11	59997532	0.812394366197183	0.812394366197183	FALSE
TCGA-43-6771-01	11	68201211	1.09952158433467	NA	TRUE
TCGA-43-6771-01	11	70189989	1.07333333333333	NA	TRUE
TCGA-43-6771-01	11	102584065	0.935374149659864	0.935374149659864	FALSE
TCGA-43-6771-01	11	104879648	0.912921348314607	0.912921348314607	FALSE
TCGA-43-6771-01	11	120345304	0.889756944444444	0.889756944444444	FALSE
TCGA-43-6771-01	12	6132840	1.20416666666667	NA	TRUE
TCGA-43-6771-01	12	6924028	0.748510748510749	0.748510748510749	FALSE
TCGA-43-6771-01	12	9349036	1.42716049382716	NA	TRUE
TCGA-43-6771-01	12	21207473	0.985701167519349	0.985701167519349	FALSE
TCGA-43-6771-01	12	33579085	0.95	0.95	FALSE
TCGA-43-6771-01	12	53776695	1.1279593318809	NA	TRUE
TCGA-43-6771-01	12	54903516	1.18289241622575	NA	TRUE
TCGA-43-6771-01	12	58017834	0.788551483420593	0.788551483420593	FALSE
TCGA-43-6771-01	12	70048997	1.09152752009895	NA	TRUE
TCGA-43-6771-01	12	100433449	1.04786641929499	NA	TRUE
TCGA-43-6771-01	12	104413419	1.32375	NA	TRUE
TCGA-43-6771-01	12	109283249	0.685436893203883	0.685436893203883	FALSE
TCGA-43-6771-01	12	109858783	0.738300653594771	0.738300653594771	FALSE
TCGA-43-6771-01	12	111336867	1.04072231435416	NA	TRUE
TCGA-43-6771-01	12	116429696	0.502849002849003	0.502849002849003	FALSE
TCGA-43-6771-01	12	117768451	1.01621212121212	NA	TRUE
TCGA-43-6771-01	12	123099563	1.32375	NA	TRUE
TCGA-43-6771-01	12	124839417	1.21028571428571	NA	TRUE
TCGA-43-6771-01	12	124839419	1.19323943661972	NA	TRUE
TCGA-43-6771-01	12	131280555	0.672380952380952	0.672380952380952	FALSE
TCGA-43-6771-01	13	20426215	0.736434108527132	0.736434108527132	FALSE
TCGA-43-6771-01	13	72014825	0.895061728395062	0.895061728395062	FALSE
TCGA-43-6771-01	13	84454735	0.777777777777778	0.777777777777778	FALSE
TCGA-43-6771-01	13	88327856	1.06310013717421	NA	TRUE
TCGA-43-6771-01	13	95095825	0.584795321637427	0.584795321637427	FALSE
TCGA-43-6771-01	13	103460094	0.657894736842105	0.657894736842105	FALSE
TCGA-43-6771-01	14	23242900	0.847457627118644	0.847457627118644	FALSE
TCGA-43-6771-01	14	23889128	0.688036263558362	0.688036263558362	FALSE
TCGA-43-6771-01	14	55636119	1.25338753387534	NA	TRUE
TCGA-43-6771-01	14	60976059	0.911458333333333	0.911458333333333	FALSE
TCGA-43-6771-01	14	95058452	1.18174409127954	NA	TRUE
TCGA-43-6771-01	14	96909082	1.05898549189876	NA	TRUE
TCGA-43-6771-01	14	105419189	1.1503681177977	NA	TRUE
TCGA-43-6771-01	14	106306971	NA	NA	FALSE
TCGA-43-6771-01	15	29393969	1.171875	NA	TRUE
TCGA-43-6771-01	15	48777639	0.833333333333333	0.833333333333333	FALSE
TCGA-43-6771-01	15	74559079	0.60562015503876	0.60562015503876	FALSE
TCGA-43-6771-01	15	80889689	0.747863247863248	0.747863247863248	FALSE
TCGA-43-6771-01	15	81436089	0.940040650406504	0.940040650406504	FALSE
TCGA-43-6771-01	15	86259125	0.902061855670103	0.902061855670103	FALSE
TCGA-43-6771-01	16	1035307	1.38888888888889	NA	TRUE
TCGA-43-6771-01	16	3544718	1.33333333333333	NA	TRUE
TCGA-43-6771-01	16	50666270	0.954861111111111	0.954861111111111	FALSE
TCGA-43-6771-01	16	57762439	1.06837606837607	NA	TRUE
TCGA-43-6771-01	16	70219866	0.791666666666667	0.791666666666667	FALSE
TCGA-43-6771-01	16	84270969	0.952380952380952	0.952380952380952	FALSE
TCGA-43-6771-01	17	2966415	0.648148148148148	0.648148148148148	FALSE
TCGA-43-6771-01	17	7690250	1.02564102564103	NA	TRUE
TCGA-43-6771-01	17	10600876	0.771604938271605	0.771604938271605	FALSE
TCGA-43-6771-01	17	15983977	0.48828125	0.48828125	FALSE
TCGA-43-6771-01	17	20805904	1.43939393939394	NA	TRUE
TCGA-43-6771-01	17	27861296	0.625	0.625	FALSE
TCGA-43-6771-01	17	35913588	1.08506944444444	NA	TRUE
TCGA-43-6771-01	17	39596681	0.887345679012346	0.887345679012346	FALSE
TCGA-43-6771-01	17	40011341	0.833333333333333	0.833333333333333	FALSE
TCGA-43-6771-01	17	42800368	0.881410256410256	0.881410256410256	FALSE
TCGA-43-6771-01	17	56536130	1.00574712643678	NA	TRUE
TCGA-43-6771-01	17	59485479	1.19047619047619	NA	TRUE
TCGA-43-6771-01	17	60469293	0.805555555555556	0.805555555555556	FALSE
TCGA-43-6771-01	18	9257705	0.625	0.625	FALSE
TCGA-43-6771-01	18	9257706	0.637755102040816	0.637755102040816	FALSE
TCGA-43-6771-01	18	28742632	0.666666666666667	0.666666666666667	FALSE
TCGA-43-6771-01	18	28986104	0.714285714285714	0.714285714285714	FALSE
TCGA-43-6771-01	18	33263543	0.520833333333333	0.520833333333333	FALSE
TCGA-43-6771-01	18	65178549	1.16666666666667	NA	TRUE
TCGA-43-6771-01	19	15569435	1.20967741935484	NA	TRUE
TCGA-43-6771-01	19	17608160	0.59375	0.59375	FALSE
TCGA-43-6771-01	19	20829130	1.22549019607843	NA	TRUE
TCGA-43-6771-01	19	31039987	1.06981981981982	NA	TRUE
TCGA-43-6771-01	19	36853129	0.799086757990868	0.799086757990868	FALSE
TCGA-43-6771-01	19	38959968	0.648148148148148	0.648148148148148	FALSE
TCGA-43-6771-01	19	41201934	0.802277432712215	0.802277432712215	FALSE
TCGA-43-6771-01	19	42847671	0.470430107526882	0.470430107526882	FALSE
TCGA-43-6771-01	19	43763083	1.06481481481481	NA	TRUE
TCGA-43-6771-01	19	44097332	0.70281124497992	0.70281124497992	FALSE
TCGA-43-6771-01	19	50413004	0.854700854700855	0.854700854700855	FALSE
TCGA-43-6771-01	19	51983848	0.936329588014981	0.936329588014981	FALSE
TCGA-43-6771-01	19	52131184	0.880758807588076	0.880758807588076	FALSE
TCGA-43-6771-01	19	56244704	1.10153256704981	NA	TRUE
TCGA-43-6771-01	19	57327108	0.772626931567329	0.772626931567329	FALSE
TCGA-43-6771-01	2	16742721	1.32275132275132	NA	TRUE
TCGA-43-6771-01	2	26502066	0.904605263157895	0.904605263157895	FALSE
TCGA-43-6771-01	2	32740406	0.925925925925926	0.925925925925926	FALSE
TCGA-43-6771-01	2	32750596	0.757575757575758	0.757575757575758	FALSE
TCGA-43-6771-01	2	50149153	1.01132686084142	NA	TRUE
TCGA-43-6771-01	2	89103856	0.833333333333333	0.833333333333333	FALSE
TCGA-43-6771-01	2	99155388	0.78125	0.78125	FALSE
TCGA-43-6771-01	2	125284887	0.694444444444444	0.694444444444444	FALSE
TCGA-43-6771-01	2	131519981	0.87719298245614	0.87719298245614	FALSE
TCGA-43-6771-01	2	141660699	0.617283950617284	0.617283950617284	FALSE
TCGA-43-6771-01	2	141665614	0.874485596707819	0.874485596707819	FALSE
TCGA-43-6771-01	2	141762970	0.795880149812734	0.795880149812734	FALSE
TCGA-43-6771-01	2	145156530	0.922619047619048	0.922619047619048	FALSE
TCGA-43-6771-01	2	162760576	0.980392156862745	0.980392156862745	FALSE
TCGA-43-6771-01	2	186671346	1.11111111111111	NA	TRUE
TCGA-43-6771-01	2	188210986	0.818452380952381	0.818452380952381	FALSE
TCGA-43-6771-01	2	189599601	0.86996336996337	0.86996336996337	FALSE
TCGA-43-6771-01	2	203622139	1.00806451612903	NA	TRUE
TCGA-43-6771-01	2	207040914	0.775193798449612	0.775193798449612	FALSE
TCGA-43-6771-01	20	742315	1.25	NA	TRUE
TCGA-43-6771-01	20	25203568	0.733752620545073	0.733752620545073	FALSE
TCGA-43-6771-01	20	50781293	0.808457711442786	0.808457711442786	FALSE
TCGA-43-6771-01	20	61944518	0.747863247863248	0.747863247863248	FALSE
TCGA-43-6771-01	21	10998282	NA	NA	FALSE
TCGA-43-6771-01	21	32253437	0.815394651011089	0.815394651011089	FALSE
TCGA-43-6771-01	21	43164076	0.957207207207207	0.957207207207207	FALSE
TCGA-43-6771-01	22	17073086	NA	NA	FALSE
TCGA-43-6771-01	22	17669238	0.59765718383935	0.59765718383935	FALSE
TCGA-43-6771-01	22	44966431	0.883838383838384	0.883838383838384	FALSE
TCGA-43-6771-01	22	45133072	1.15079365079365	NA	TRUE
TCGA-43-6771-01	22	45802744	0.498047653199458	0.498047653199458	FALSE
TCGA-43-6771-01	22	45802745	0.498047653199458	0.498047653199458	FALSE
TCGA-43-6771-01	22	49042449	0.550782110597048	0.550782110597048	FALSE
TCGA-43-6771-01	3	10400554	0.595238095238095	0.595238095238095	FALSE
TCGA-43-6771-01	3	13611931	1.66666666666667	NA	TRUE
TCGA-43-6771-01	3	26751354	1.11788617886179	NA	TRUE
TCGA-43-6771-01	3	49146522	0.78125	0.78125	FALSE
TCGA-43-6771-01	3	52568677	0.898203592814371	0.898203592814371	FALSE
TCGA-43-6771-01	3	77147370	0.952380952380952	0.952380952380952	FALSE
TCGA-43-6771-01	3	100378607	0.868055555555556	0.868055555555556	FALSE
TCGA-43-6771-01	3	102183089	0.865384615384615	0.865384615384615	FALSE
TCGA-43-6771-01	3	113878657	1.49286987522282	NA	TRUE
TCGA-43-6771-01	3	121228898	1.11979166666667	NA	TRUE
TCGA-43-6771-01	3	128292613	1.96078431372549	NA	TRUE
TCGA-43-6771-01	3	128292623	1.94444444444444	NA	TRUE
TCGA-43-6771-01	3	140251217	0.617283950617284	0.617283950617284	FALSE
TCGA-43-6771-01	3	147113994	1.01851851851852	NA	TRUE
TCGA-43-6771-01	3	147128391	1.72764227642276	NA	TRUE
TCGA-43-6771-01	3	147130402	0.651720542231491	0.651720542231491	FALSE
TCGA-43-6771-01	3	148596536	1.11386138613861	NA	TRUE
TCGA-43-6771-01	3	169847268	1.14533965244866	NA	TRUE
TCGA-43-6771-01	3	183696311	0.875	0.875	FALSE
TCGA-43-6771-01	3	190039968	0.883838383838384	0.883838383838384	FALSE
TCGA-43-6771-01	4	71472446	1.45138888888889	NA	TRUE
TCGA-43-6771-01	4	80990634	0.931372549019608	0.931372549019608	FALSE
TCGA-43-6771-01	4	86988994	1.18079096045198	NA	TRUE
TCGA-43-6771-01	4	114277038	0.431818181818182	0.431818181818182	FALSE
TCGA-43-6771-01	5	32101331	1.32978723404255	NA	TRUE
TCGA-43-6771-01	5	32274181	1.06981981981982	NA	TRUE
TCGA-43-6771-01	5	35921196	1.28676470588235	NA	TRUE
TCGA-43-6771-01	5	55195757	0.649350649350649	0.649350649350649	FALSE
TCGA-43-6771-01	5	65344565	0.586854460093897	0.586854460093897	FALSE
TCGA-43-6771-01	5	94848321	0.729166666666667	0.729166666666667	FALSE
TCGA-43-6771-01	5	115628185	0.748697916666667	0.748697916666667	FALSE
TCGA-43-6771-01	5	132269995	0.496688741721854	0.496688741721854	FALSE
TCGA-43-6771-01	5	132269996	0.469094922737307	0.469094922737307	FALSE
TCGA-43-6771-01	5	140188054	0.940040650406504	0.940040650406504	FALSE
TCGA-43-6771-01	5	140215252	0.721153846153846	0.721153846153846	FALSE
TCGA-43-6771-01	5	140237924	0.925925925925926	0.925925925925926	FALSE
TCGA-43-6771-01	5	140720255	0.860091743119266	0.860091743119266	FALSE
TCGA-43-6771-01	5	140799073	0.43859649122807	0.43859649122807	FALSE
TCGA-43-6771-01	5	140801878	0.548245614035088	0.548245614035088	FALSE
TCGA-43-6771-01	5	140812405	0.741710296684119	0.741710296684119	FALSE
TCGA-43-6771-01	5	149907838	1.02880658436214	NA	TRUE
TCGA-43-6771-01	5	154397042	0.946969696969697	0.946969696969697	FALSE
TCGA-43-6771-01	5	156590131	0.833333333333333	0.833333333333333	FALSE
TCGA-43-6771-01	5	156590133	0.925925925925926	0.925925925925926	FALSE
TCGA-43-6771-01	5	156590401	0.897790055248619	0.897790055248619	FALSE
TCGA-43-6771-01	5	168201328	0.993377483443709	0.993377483443709	FALSE
TCGA-43-6771-01	5	172351073	0.711382113821138	0.711382113821138	FALSE
TCGA-43-6771-01	6	11105035	0.854700854700855	0.854700854700855	FALSE
TCGA-43-6771-01	6	33403080	1.11714975845411	NA	TRUE
TCGA-43-6771-01	6	35278241	0.785024154589372	0.785024154589372	FALSE
TCGA-43-6771-01	6	69349089	1.04166666666667	NA	TRUE
TCGA-43-6771-01	6	117037477	0.907258064516129	0.907258064516129	FALSE
TCGA-43-6771-01	6	117248301	0.796178343949045	0.796178343949045	FALSE
TCGA-43-6771-01	7	31617997	1.33043771043771	NA	TRUE
TCGA-43-6771-01	7	34182925	1.05518472164279	NA	TRUE
TCGA-43-6771-01	7	63721308	1.35714285714286	NA	TRUE
TCGA-43-6771-01	7	81667449	1.17619047619048	NA	TRUE
TCGA-43-6771-01	7	124499166	1.32558139534884	NA	TRUE
TCGA-43-6771-01	7	142028315	0.243589743589744	0.243589743589744	FALSE
TCGA-43-6771-01	7	143747807	0.403397027600849	0.403397027600849	FALSE
TCGA-43-6771-01	8	10464903	0.943891788962212	0.943891788962212	FALSE
TCGA-43-6771-01	8	25234906	0.607638888888889	0.607638888888889	FALSE
TCGA-43-6771-01	8	29202894	0.833333333333333	0.833333333333333	FALSE
TCGA-43-6771-01	8	120435214	0.806364906999248	0.806364906999248	FALSE
TCGA-43-6771-01	8	125083789	0.680410968224808	0.680410968224808	FALSE
TCGA-43-6771-01	8	140630959	0.660211267605634	0.660211267605634	FALSE
TCGA-43-6771-01	8	143958589	0.611306729264476	0.611306729264476	FALSE
TCGA-43-6771-01	9	6328676	1.0408305880004	NA	TRUE
TCGA-43-6771-01	9	21206376	2.01515151515152	NA	TRUE
TCGA-43-6771-01	9	34971600	0.775462962962963	0.775462962962963	FALSE
TCGA-43-6771-01	9	97522149	0.757575757575758	0.757575757575758	FALSE
TCGA-43-6771-01	X	3242791	NA	NA	FALSE
TCGA-43-6771-01	X	27839468	NA	NA	FALSE
TCGA-43-6771-01	X	109694807	NA	NA	FALSE
TCGA-43-6771-01	X	151138714	NA	NA	FALSE
TCGA-43-6771-01	X	153207088	NA	NA	FALSE
